,importance
taxel1_peak_ratio,0.002634436049410503
taxel3_peak_ratio,0.0028942526036495036
omega_slow,0.002994508978781042
input_current_range,0.002999735251886943
taxel2_peak_ratio,0.0030262996764118468
taxel5_peak_ratio,0.0031018288636986244
taxel4_peak_ratio,0.0031879243618895617
ts_tc_ratio,0.003654124048379071
motor_rpm_at_peak_sum,0.005219702928182171
motor_rpm_at_taxel3_peak,0.005309851268846887
motor_rpm_at_taxel4_peak,0.005320100826102062
motor_rpm_at_taxel2_peak,0.005405092860411861
motor_rpm_at_taxel1_peak,0.0055199712676717635
motor_rpm_at_taxel5_peak,0.006026686729296431
motor_rpm,0.00922270791151474
input_current_at_peak_sum,0.009818339388441228
input_current_mean,0.017740639473299052
taxel3_mean,0.022857049343333446
taxel2_mean,0.029228318718135533
taxel1_mean,0.031122243863179685
taxel5_mean,0.03181689909216058
taxel3_peak,0.032790001476426876
taxel5_peak,0.033846610750439314
taxel1_peak,0.034667734966937085
taxel2_peak,0.03499038893071738
taxel4_peak,0.03623068763833295
taxel4_mean,0.036366232079223924
area_sum_force,0.048932107029925606
shear_mean,0.05034054715069706
mean_sum_force,0.054819000596994946
peak_sum_force,0.05880880767885492
shear_max,0.15734457714063105
shear_min,0.21176259105613643
